{"entities":{"pages":{"Path-wars-campaigns":{"id":"Path-wars-campaigns","title":"Path-wars-campaigns","url":"path-wars-campaigns.html","level":0,"pages":["Campaign-1-doomsday-funtime-128-to-200","Campaign-1-doomsday-funtime-201-plus","Campaign-5-the-grand-explorers","Campaign-6-kibwe","Campaign-achievements","Path-wars-timeline","Player-rosters","Rarity-Lock-Status-Tracker"],"tabIndex":0},"Campaign-1-doomsday-funtime-128-to-200":{"id":"Campaign-1-doomsday-funtime-128-to-200","title":"Campaign-1-doomsday-funtime-128-to-200","url":"campaign-1-doomsday-funtime-128-to-200.html","level":1,"parentId":"Path-wars-campaigns","tabIndex":0},"Campaign-1-doomsday-funtime-201-plus":{"id":"Campaign-1-doomsday-funtime-201-plus","title":"Campaign-1-doomsday-funtime-201-plus","url":"campaign-1-doomsday-funtime-201-plus.html","level":1,"parentId":"Path-wars-campaigns","tabIndex":1},"Campaign-5-the-grand-explorers":{"id":"Campaign-5-the-grand-explorers","title":"Campaign-5-The-Grand-Explorers","url":"campaign-5-the-grand-explorers.html","level":1,"parentId":"Path-wars-campaigns","tabIndex":2},"Campaign-6-kibwe":{"id":"Campaign-6-kibwe","title":"Campaign-6-Kibwe","url":"campaign-6-kibwe.html","level":1,"parentId":"Path-wars-campaigns","tabIndex":3},"Campaign-achievements":{"id":"Campaign-achievements","title":"Campaign-achievements","url":"campaign-achievements.html","level":1,"parentId":"Path-wars-campaigns","tabIndex":4},"Path-wars-timeline":{"id":"Path-wars-timeline","title":"PathWars-timeline","url":"path-wars-timeline.html","level":1,"parentId":"Path-wars-campaigns","tabIndex":5},"Player-rosters":{"id":"Player-rosters","title":"Player rosters","url":"player-rosters.html","level":1,"parentId":"Path-wars-campaigns","tabIndex":6},"Rarity-Lock-Status-Tracker":{"id":"Rarity-Lock-Status-Tracker","title":"Rarity-Lock-Status-Tracker","url":"rarity-lock-status-tracker.html","level":1,"parentId":"Path-wars-campaigns","tabIndex":7},"Selenor-collection":{"id":"Selenor-collection","title":"DF-specific","url":"selenor-collection.html","level":0,"pages":["Cardigans-Dream","DF-experience-tracker","DF-fame-tracker","Eldamon","Eternal-Warden-Overview","Sandpoint-charter","Selenors-book","Selenors-Visions","The-Harrow-Realm"],"tabIndex":1},"Cardigans-Dream":{"id":"Cardigans-Dream","title":"Cardigans-Dream","url":"cardigans-dream.html","level":1,"parentId":"Selenor-collection","tabIndex":0},"DF-experience-tracker":{"id":"DF-experience-tracker","title":"DF-experience-tracker","url":"df-experience-tracker.html","level":1,"parentId":"Selenor-collection","tabIndex":1},"DF-fame-tracker":{"id":"DF-fame-tracker","title":"DF-fame-tracker","url":"df-fame-tracker.html","level":1,"parentId":"Selenor-collection","tabIndex":2},"Eldamon":{"id":"Eldamon","title":"Eldamon","url":"eldamon.html","level":1,"parentId":"Selenor-collection","tabIndex":3},"Eternal-Warden-Overview":{"id":"Eternal-Warden-Overview","title":"Eternal warden overview","url":"eternal-warden-overview.html","level":1,"parentId":"Selenor-collection","tabIndex":4},"Sandpoint-charter":{"id":"Sandpoint-charter","title":"Sandpoint-charter","url":"sandpoint-charter.html","level":1,"parentId":"Selenor-collection","tabIndex":5},"Selenors-book":{"id":"Selenors-book","title":"Selenors-book","url":"selenors-book.html","level":1,"parentId":"Selenor-collection","tabIndex":6},"Selenors-Visions":{"id":"Selenors-Visions","title":"Selenors-visions","url":"selenors-visions.html","level":1,"parentId":"Selenor-collection","tabIndex":7},"The-Harrow-Realm":{"id":"The-Harrow-Realm","title":"The-Harrow-Realm","url":"the-harrow-realm.html","level":1,"parentId":"Selenor-collection","tabIndex":8},"Homebrew":{"id":"Homebrew","title":"Homebrew","url":"homebrew.html","level":0,"pages":["Dual-Class-Stat-Boost","Faction-signup-rewards","Guild-wars-2-in-Pathfinder-2e","Homebrew-rules","The-colours-of-magic"],"tabIndex":2},"Dual-Class-Stat-Boost":{"id":"Dual-Class-Stat-Boost","title":"Dual-Class-Stat-Boost","url":"dual-class-stat-boost.html","level":1,"parentId":"Homebrew","tabIndex":0},"Faction-signup-rewards":{"id":"Faction-signup-rewards","title":"Faction-signup-rewards","url":"faction-signup-rewards.html","level":1,"parentId":"Homebrew","tabIndex":1},"Guild-wars-2-in-Pathfinder-2e":{"id":"Guild-wars-2-in-Pathfinder-2e","title":"Guild-wars-2-in-Pathfinder-2e","url":"guild-wars-2-in-pathfinder-2e.html","level":1,"parentId":"Homebrew","tabIndex":2},"Homebrew-rules":{"id":"Homebrew-rules","title":"Homebrew-rules","url":"homebrew-rules.html","level":1,"parentId":"Homebrew","tabIndex":3},"The-colours-of-magic":{"id":"The-colours-of-magic","title":"The-colours-of-magic","url":"the-colours-of-magic.html","level":1,"parentId":"Homebrew","tabIndex":4},"Getting-started":{"id":"Getting-started","title":"Getting started","url":"getting-started.html","level":0,"pages":["Writerside-setup","Available-classes","Character-Lore-Builder","Getting-started-guide","Golarion-Lore-The-Spoiler-Free-Version","PF2e-Basic-Actions","Pathbuilder-setup","Variant-rules"],"tabIndex":3},"Writerside-setup":{"id":"Writerside-setup","title":"Writerside-setup","url":"writerside-setup.html","level":1,"parentId":"Getting-started","tabIndex":0},"Available-classes":{"id":"Available-classes","title":"Available-classes","url":"available-classes.html","level":1,"parentId":"Getting-started","tabIndex":1},"Character-Lore-Builder":{"id":"Character-Lore-Builder","title":"Character-Lore-Builder","url":"character-lore-builder.html","level":1,"parentId":"Getting-started","tabIndex":2},"Getting-started-guide":{"id":"Getting-started-guide","title":"Getting-started-guide","url":"getting-started-guide.html","level":1,"parentId":"Getting-started","tabIndex":3},"Golarion-Lore-The-Spoiler-Free-Version":{"id":"Golarion-Lore-The-Spoiler-Free-Version","title":"Golarion Lore \u003d The Spoiler-Free Version!","url":"golarion-lore-the-spoiler-free-version.html","level":1,"parentId":"Getting-started","tabIndex":4},"PF2e-Basic-Actions":{"id":"PF2e-Basic-Actions","title":"PF2e Basic Actions.","url":"pf2e-basic-actions.html","level":1,"parentId":"Getting-started","tabIndex":5},"Pathbuilder-setup":{"id":"Pathbuilder-setup","title":"Pathbuilder-setup","url":"pathbuilder-setup.html","level":1,"parentId":"Getting-started","tabIndex":6},"Variant-rules":{"id":"Variant-rules","title":"Variant-rules","url":"variant-rules.html","level":1,"parentId":"Getting-started","tabIndex":7},"Other":{"id":"Other","title":"Other","url":"other.html","level":0,"pages":["Barcelona-trip","Master-duel"],"tabIndex":4},"Barcelona-trip":{"id":"Barcelona-trip","title":"Barcelona-trip","url":"barcelona-trip.html","level":1,"parentId":"Other","tabIndex":0},"Master-duel":{"id":"Master-duel","title":"Master-duel","url":"master-duel.html","level":1,"parentId":"Other","tabIndex":1}}},"topLevelIds":["Path-wars-campaigns","Selenor-collection","Homebrew","Getting-started","Other"]}